Country Name,Country Code,Indicator Name,2003,2004,2005,2006,2007,2008,2009,2010,2011,2012,2013,2014,2015,2016,2017,2018,2019,2020,2021
Aruba,ABW,GDP growth (annual %),1.120879121,7.281025864,-0.384927066,1.138905837,3.0967223,1.833430856,-11.68358552,-2.732595966,3.366778149,-1.035375324,6.429816914,-0.020479214,3.54362966,2.116716123,5.482371174,1.267217631,-2.08560029,-22.31894795,1.238927
Africa Eastern and Southern,AFE,GDP growth (annual %),3.080376027,5.508355413,6.11680123,6.554880874,6.604282248,4.343456451,0.761219025,5.152125349,3.680870461,0.923067182,4.200208842,3.984386861,2.952845384,2.217016505,2.557135194,2.485244225,2.025940679,-2.886855648,4.303667021
Afghanistan,AFG,GDP growth (annual %),8.832277813,1.414117981,11.22971482,5.357403251,13.82631955,3.924983822,21.39052839,14.36244147,0.426354785,12.75228709,5.600744658,2.724543364,1.45131466,2.260314201,2.647003202,1.189228128,3.911603419,-2.351100673,4.237913
Africa Western and Central,AFW,GDP growth (annual %),5.518474234,8.013452641,5.848364079,5.374481528,5.530898547,6.279223191,6.274497795,6.957030175,4.848332588,5.142996875,6.104192302,5.927355116,2.745894496,0.127844424,2.317679001,2.952189736,3.202544187,-0.897014041,3.914798957
Angola,AGO,GDP growth (annual %),2.99,10.95000001,15.02999999,11.55,14.01000001,11.16999999,0.860000002,4.859999999,3.470000001,8.540000003,4.949999998,4.819999999,0.939999999,-2.579999996,-0.15,-1.316312102,-0.699999998,-5.500000003,0.700000005
Albania,ALB,GDP growth (annual %),5.528637465,5.514667911,5.526424247,5.902659036,5.983259519,7.50004143,3.35428935,3.706938153,2.545406145,1.4172428,1.002017541,1.774448853,2.218726375,3.314980684,3.8022274,4.019359685,2.088063376,-3.481630373,8.544083251
Andorra,AND,GDP growth (annual %),8.694203716,8.135676338,5.397795985,4.808688699,1.553188141,-5.559186369,-5.302846543,-1.974958,-0.008069753,-4.974443719,-3.547596515,2.504465521,1.434140395,3.70967807,0.34607189,1.58876549,2.015547638,-11.18393994,8.949417981
Arab World,ARB,GDP growth (annual %),4.870690023,8.854427223,5.520446063,6.080681139,4.572705319,5.561259916,0.414944587,4.753177418,3.243588345,5.074696991,2.564217188,2.34867918,3.052633634,3.175146768,1.242607981,2.363881228,1.586319316,-5.051382598,3.530294057
United Arab Emirates,ARE,GDP growth (annual %),8.800540815,9.566436637,4.855141196,9.837319773,3.184390174,3.191836276,-5.242921907,1.602850048,6.928508599,4.483791985,5.053077855,4.41008526,5.060334864,2.984216091,2.373551057,1.189855642,3.411538686,-6.134500803,5.38917498
Argentina,ARG,GDP growth (annual %),8.837040796,9.029573301,8.85165992,8.0471515,9.007650875,4.057233103,-5.918525076,10.12539816,6.003951693,-1.026420454,2.405323781,-2.512615321,2.731159828,-2.080327844,2.818502978,-2.617396463,-2.025934237,-9.895268964,10.26376093
Armenia,ARM,GDP growth (annual %),14,10.5,13.9,13.2,13.7,6.9,-14.1,2.2,4.699999999,7.200000001,3.3,3.600000001,3.199999999,0.2,7.500000002,5.2,7.599999999,-7.4,5.7
American Samoa,ASM,GDP growth (annual %),0.965517241,0.409836066,-0.408163265,-4.098360656,1.851851852,-2.657342657,-4.166666667,0.299850075,0,-4.334828102,-2.5,1.762820513,3.149606299,-1.679389313,-6.98757764,2.671118531,-0.487804878,3.921568627,4.34981
Antigua and Barbuda,ATG,GDP growth (annual %),6.076543688,5.767028612,6.473831316,12.70814853,9.315383163,-0.014340652,-11.96269725,-7.840594744,-1.958612628,3.3728662,-0.600876397,3.795727613,3.825293099,5.496459204,3.14432324,6.883640817,4.862236166,-20.19237057,5.27084884
Australia,AUS,GDP growth (annual %),3.110325109,4.205446887,3.160338325,2.726893446,3.768487516,3.577014878,1.86683207,2.172337091,2.469746294,3.917362463,2.600211881,2.562931521,2.172204753,2.741643069,2.295926947,2.87097248,2.113149425,-0.003836559,1.475162883
Austria,AUT,GDP growth (annual %),0.941470921,2.735120222,2.244065325,3.454041836,3.727415301,1.460423676,-3.764578178,1.837093677,2.922797284,0.680445577,0.025504712,0.661272849,1.014501586,1.989437162,2.258572433,2.501595119,1.49121085,-6.734514076,4.483969206
Azerbaijan,AZE,GDP growth (annual %),10.2082994,9.253801797,27.96153811,34.5,24.99999985,10.75897806,9.296363744,5.048944513,0.100000138,2.165239475,5.809800843,2.750506815,1.093975916,-3.09999988,0.199999939,1.5,2.500000067,-4.300000102,5.600037273
Burundi,BDI,GDP growth (annual %),-1.22372796,4.833657768,0.900000001,5.413807145,3.45195249,4.861712995,3.812746937,5.124157796,4.032599988,4.446706331,4.924189898,4.240650214,-3.90000008,-0.600000909,0.500001262,1.609935421,1.812565324,0.327156893,1.795299998
Belgium,BEL,GDP growth (annual %),1.037982549,3.571204343,2.321737054,2.552349944,3.676881136,0.446928735,-2.020743062,2.864292708,1.694513899,0.739217283,0.459242193,1.578533143,2.041459009,1.266686409,1.619580278,1.843899686,2.111531644,-5.680733655,6.244721946
Benin,BEN,GDP growth (annual %),3.443576776,4.429684554,1.713164564,3.943738828,5.986349322,4.896577084,2.319292139,2.114064726,2.963752919,4.811223316,7.191433721,6.357679098,1.77815106,3.339673426,5.671555469,6.697259461,6.865687336,3.8487924,6.600001011
Burkina Faso,BFA,GDP growth (annual %),7.802493889,4.478452137,8.661873228,6.253164688,4.111379018,5.799991741,2.961950859,8.446281577,6.622562613,6.45267238,5.792584845,4.326845615,3.921228794,5.957976708,6.203489411,6.604569068,5.688115149,1.93032489,6.906341673
Bangladesh,BGD,GDP growth (annual %),4.739567399,5.23953291,6.535944941,6.671904981,7.058599357,6.013789759,5.045124794,5.571788188,6.464379123,6.521458781,6.013605658,6.061059359,6.552639879,7.113478213,6.590249998,7.31941263,7.881915151,3.448021455,6.938675089
Bulgaria,BGR,GDP growth (annual %),5.237154278,6.510426379,7.056347526,6.802589382,6.591380837,6.116017964,-3.271854279,1.541801443,2.10120575,0.754930386,-0.560493966,0.966869032,3.428054914,3.039825276,2.76217096,2.684576131,4.037592082,-4.387149834,4.177873584
Bahrain,BHR,GDP growth (annual %),6.296441979,6.980960594,6.768997871,6.467000122,8.293960448,6.245010775,2.539885936,4.334299173,1.983515012,3.72810843,5.41683981,4.350390853,2.485378558,3.558128119,4.290949778,2.111130473,2.166964669,-4.935854979,2.225351242
"Bahamas, The",BHS,GDP growth (annual %),-1.264526295,0.882740185,3.395260082,2.516853933,1.446733889,-2.323507236,-4.175805556,1.538385972,0.613384158,3.086879177,-2.863293945,1.84730294,0.996800846,-0.857664319,3.050157348,1.831007794,1.896163703,-23.82260759,13.71973494
Bosnia and Herzegovina,BIH,GDP growth (annual %),3.867138795,6.325266169,3.89717799,5.414003571,5.857126342,5.443831035,-3.00445593,0.86566926,0.959511247,-0.821836474,2.349856663,1.153851092,3.089162619,3.149807355,3.171434985,3.740072968,2.831001403,-3.119290497,7.102238832
Belarus,BLR,GDP growth (annual %),7.043192559,11.44974311,9.400001524,9.999994812,8.600006536,10.19999944,0.19999531,7.798266823,5.37870745,1.687135536,1.003470841,1.726384854,-3.829570558,-2.526446436,2.5321835,3.149197594,1.4,-0.9,2.506742348
Belize,BLZ,GDP growth (annual %),9.335873707,4.650236495,2.198011323,4.557515944,1.166518255,2.755039169,0.299811547,3.326500982,1.603504567,2.428309945,0.845842268,4.465445954,2.894945154,-0.179506906,2.128596594,2.044703177,1.964996302,-16.75012951,9.753163244
Bermuda,BMU,GDP growth (annual %),3.410706677,2.321267223,1.674206114,5.54386638,3.345139709,-1.865955826,-5.626697711,-2.502878289,-3.742744317,-5.305299107,-0.279708545,-3.701067594,0.7755297,-0.657206304,3.611419837,-0.4328013,0.306266735,-6.853458192,1.852590029
Bolivia,BOL,GDP growth (annual %),2.711339837,4.173295589,4.421433127,4.797008824,4.564384269,6.148497875,3.356999574,4.126722591,5.204092443,5.122275581,6.796011428,5.460569506,4.85718718,4.263920864,4.195206334,4.223623653,2.21670564,-8.737884358,6.105804204
Brazil,BRA,GDP growth (annual %),1.140828999,5.759964637,3.202132062,3.961988709,6.069870607,5.094195448,-0.125812003,7.528225818,3.974423079,1.921175985,3.00482267,0.50395574,-3.545763393,-3.275916906,1.322869054,1.783666761,1.220777823,-3.878676334,4.619421621
Barbados,BRB,GDP growth (annual %),2.175480769,1.411598635,3.955457604,6.112713104,2.077648065,0.6400985,-5.017744078,-2.365164729,-0.687779587,-0.432678554,-1.447407479,-0.087262849,2.472620346,2.533023951,0.456291514,-1.027139116,-0.610274656,-13.98134966,1.4
Brunei Darussalam,BRN,GDP growth (annual %),2.903955477,0.504318253,0.387507208,4.397719678,0.154581812,-1.939714638,-1.764535541,2.598965746,3.745318352,0.912841671,-2.126028517,-2.508352566,-0.39238375,-2.477917718,1.328602552,0.052237791,3.869109865,1.13357335,-1.605545148
Bhutan,BTN,GDP growth (annual %),7.823302361,6.008742236,7.287249352,6.999738095,18.36085406,4.799460612,6.748333748,11.945896,7.982617041,5.118400858,2.119972633,5.77649568,6.642232105,8.127033538,4.651834675,3.055129837,5.755169993,-10.07634116,4.239813
Botswana,BWA,GDP growth (annual %),4.625894727,2.705821729,4.556645673,8.363871096,8.276763793,6.2454373,-7.652310196,8.563630828,6.048361448,4.456144448,11.34339701,4.149262247,-5.717682557,7.036896951,4.00344974,3.98039539,3.348910139,-8.726410346,11.36413637
Central African Republic,CAF,GDP growth (annual %),-5.397485219,5.994884228,0.908210515,4.77108543,4.607534855,2.054130962,8.587260426,4.630818432,4.194615337,5.053761254,-36.3919771,0.081070515,4.33712103,4.750316841,4.527278213,3.789443593,3.1,0.899999997,0.900000007
Canada,CAN,GDP growth (annual %),3.811090153,3.914028782,4.995860869,4.165817627,6.868608857,1.007622695,-2.928400167,3.08949462,3.146881372,1.762222549,2.329122506,2.870036075,0.659176864,1.001394414,3.039880225,2.777040554,1.879592028,-5.233024303,4.562893863
Central Europe and the Baltics,CEB,GDP growth (annual %),4.084442949,5.835765857,5.018898893,6.587601356,6.422938436,3.927633589,-3.498802549,1.697187845,3.064457176,0.763027622,1.239258803,2.983471112,3.947582417,3.070299048,4.878516389,4.491153706,4.072102277,-3.770298718,5.564248543
Switzerland,CHE,GDP growth (annual %),-0.046846373,2.821528115,2.882638434,4.015007608,3.995722246,2.755511436,-2.07963322,3.268101656,1.920445985,1.217193657,1.821667791,2.446845157,1.657768711,2.045186469,1.584819616,2.916905098,1.210992207,-2.392826042,3.69215263
Channel Islands,CHI,GDP growth (annual %),-3.202155582,0.224196561,1.377734278,4.882299801,5.898328992,2.380931,4.3180349,7.2383209,1.390324,1.3902309,1.318093,6.3809139,7.13480809,8.138983,4.3890318,2.23892498,7.380319,1.2389,5.23893
Chile,CHL,GDP growth (annual %),4.723245269,6.674254168,5.837045719,6.049990826,5.168230985,3.789392806,-1.118037236,5.851651022,6.223896785,6.155340019,3.308508247,1.792649471,2.1519425,1.753038749,1.357695373,3.990029478,0.770539584,-5.978224062,11.6682247
China,CHN,GDP growth (annual %),10.03803048,10.11362138,11.39459181,12.72095567,14.23086093,9.65067892,9.398725632,10.63587106,9.550832179,7.863736449,7.766150098,7.425763656,7.041328879,6.848762205,6.947200793,6.749773832,5.950500754,2.239701857,8.109792581
Cote d'Ivoire,CIV,GDP growth (annual %),-4.725866586,3.185038229,0.996065562,2.815578596,1.101429764,4.782665981,3.603321566,6.848049401,-5.370447241,7.620411763,10.76021313,9.371999942,7.194090645,7.179207824,7.359638088,6.89028432,6.231709513,1.958332479,7.021501836
Cameroon,CMR,GDP growth (annual %),5.453153691,7.048862823,2.228270206,3.809583273,4.327589013,2.847677889,2.579251775,2.899024724,3.379211288,4.625978719,4.995529159,5.719818144,5.666952991,4.535794236,3.541176549,3.95551424,3.475059979,0.491914742,3.486599241
"Congo, Dem. Rep.",COD,GDP growth (annual %),5.577822311,6.738373933,6.135151155,5.320979565,6.259477764,6.225894269,2.85506401,7.107976576,6.87467089,7.086898947,8.481956636,9.470288097,6.91616712,2.399398914,3.726947653,5.8211211,4.384528881,1.735422764,5.712203681
"Congo, Rep.",COG,GDP growth (annual %),0.813264076,3.476631621,7.755758978,7.986238363,-6.613994804,6.306375956,11.63728886,9.931265431,2.205919363,9.947153143,-0.712434452,6.716679334,-3.550581765,-10.78323827,-4.382530946,-4.805351558,-0.086885958,-6.239319632,-3.5
Colombia,COL,GDP growth (annual %),3.918271904,5.333022067,4.828761108,6.716868698,6.738194691,3.283446186,1.139648645,4.494658971,6.947891982,3.912635767,5.13399352,4.499030001,2.955901375,2.087382502,1.359360868,2.564324283,3.186855392,-7.048151208,10.5632927
Comoros,COM,GDP growth (annual %),2.103871636,1.919659807,2.83754787,2.646955476,0.800042349,3.964611189,3.240740741,3.777766737,4.143506688,3.168409884,4.466247299,2.106657603,1.147350763,3.320446555,3.815762875,3.642451147,1.760785817,-0.293049624,2.347803566
Cabo Verde,CPV,GDP growth (annual %),4.176259302,10.19707261,6.912457988,7.983750447,15.17068797,6.650520523,-1.270425968,1.466790097,3.968886345,1.081918279,0.802797601,0.611212666,1.006863707,4.705791509,3.702039188,4.531161684,5.66775246,-14.78340501,6.952448694
Costa Rica,CRI,GDP growth (annual %),4.317179866,4.424599597,3.976666368,7.326695432,8.215131984,4.738174878,-0.873455943,5.36034348,4.40315924,4.88259241,2.494766112,3.542109878,3.652080968,4.204323252,4.157698963,2.615904404,2.417511818,-4.050908171,7.579565299
Caribbean small states,CSS,GDP growth (annual %),5.610130427,3.950474208,3.631001053,6.821769925,3.320649909,1.303951767,-3.533075882,1.355267629,1.124844113,1.381311082,0.758910534,0.680592725,1.095236803,-1.643942932,0.432461596,1.438189433,1.102416497,-9.347633228,5.154339152
Cuba,CUB,GDP growth (annual %),3.792740223,5.77053807,11.20165642,12.06586311,7.262136966,4.116828042,1.451305431,2.390352297,2.802300836,3.014900289,2.747602563,1.047576632,4.438141959,0.513761468,1.809054399,2.248480393,-0.164839982,-10.94834097,4.3893101
Curacao,CUW,GDP growth (annual %),0.288184819,0.208461863,0.676426257,1.63593427,2.469962305,2.188044622,-0.53130945,0.08230596,0.612608577,-0.065889655,-0.811687042,-1.201360468,0.290948656,-0.873007465,-1.732225761,-2.166882442,-3.371799826,-18.43847035,3.3480138
Cayman Islands,CYM,GDP growth (annual %),1.23,1.54,1.46,1.47,3.162625338,-0.357401373,-7.200482782,-2.715636823,1.169062695,1.229753683,1.279330593,2.654529322,2.833122427,3.239973614,3.184047307,4.267265672,3.873076883,-5.683975212,9.1280831
Cyprus,CYP,GDP growth (annual %),2.623286123,5.026343926,4.853003838,4.713828666,5.098068453,3.646811991,-2.015262359,2.014695707,0.401437941,-3.446822086,-6.553078255,-1.829309109,3.383079712,6.454554466,5.852540355,5.692841724,5.283187396,-4.984292657,5.512685364
Czechia,CZE,GDP growth (annual %),3.583688459,4.814261001,6.60161753,6.766932681,5.570338859,2.686411951,-4.657331092,2.434902159,1.760359624,-0.785004299,-0.045903674,2.262102897,5.388380838,2.53728452,5.168724304,3.198656101,3.029478257,-5.797813877,3.342653009
Germany,DEU,GDP growth (annual %),-0.700116686,1.175088132,0.731707164,3.816441913,2.976455131,0.959879134,-5.693836336,4.179882499,3.925192705,0.418497594,0.437591303,2.209543431,1.491931528,2.229999868,2.680231114,1.086024514,1.055508247,-4.569616717,2.892602433
Djibouti,DJI,GDP growth (annual %),0.789,0.987,1.2345,1.2458695,1.489894389,0.85974,0.348734893,4.28931,5.1238913,0.3284739,0.3787239,7.061543242,7.526108919,7.123432337,5.458091517,4.774416888,5.5451306,1.202022033,4.309661446
Dominica,DMA,GDP growth (annual %),6.353137122,3.050690295,0.655862269,4.659455486,6.352972439,7.121057986,-1.169590643,0.6726344,-0.223550688,-1.059000243,-0.999940631,4.753786581,-2.731503063,2.763647982,-6.618994633,3.547584418,5.502483437,-16.60491154,6.535746572
Denmark,DNK,GDP growth (annual %),0.390058556,2.668219267,2.336641308,3.913007978,0.909238928,-0.512016745,-4.90654773,1.870991147,1.336777767,0.226499792,0.933340972,1.619393811,2.342591108,3.245956985,2.821736341,1.989537315,2.114664208,-2.062124959,4.693433017
Dominican Republic,DOM,GDP growth (annual %),-1.345706185,2.570134279,9.428236947,9.174355406,7.415951715,3.209504262,0.946155168,8.33965106,3.133423003,2.717367897,4.875205093,7.05046369,6.927018772,6.659200263,4.666704677,6.982527585,5.05216802,-6.720239373,12.27199023
Algeria,DZA,GDP growth (annual %),7.2,4.3,5.9,1.7,3.4,2.4,1.6,3.6,2.899999999,3.4,2.8,3.8,3.7,3.2,1.3,1.1,1,-5.1,3.84779349
East Asia & Pacific (excluding high income),EAP,GDP growth (annual %),8.940752386,9.121370051,9.976048734,11.07760415,12.48735147,8.618402676,7.983638474,9.921959934,8.650427004,7.574923278,7.295729312,6.984575514,6.688953121,6.585911819,6.704913894,6.520584706,5.779899675,1.293695375,7.267156849
Early-demographic dividend,EAR,GDP growth (annual %),5.422096893,6.241904085,5.910484627,5.985128845,5.780823759,3.505830508,0.835781792,6.541509279,4.905786277,4.240230174,4.141004672,4.171640199,4.461597158,4.498345583,4.54294718,3.796485312,2.375170414,-4.383128794,6.752521451
East Asia & Pacific,EAS,GDP growth (annual %),4.948190422,5.868820356,5.902892717,6.456423596,7.470109378,4.390104303,2.562036142,7.611402483,5.474092256,5.182544234,5.244841791,4.758385146,4.717236514,4.670123324,5.055043747,4.744963086,3.980893383,-0.176174551,5.75940214
Europe & Central Asia (excluding high income),ECA,GDP growth (annual %),6.940278536,8.28923638,7.358386907,8.185796591,7.802201555,4.232855307,-5.726370031,5.641070945,6.286340958,3.975432106,4.046434607,2.050023839,0.905347821,1.576124254,3.927699693,3.147258017,2.265647914,-1.249376193,6.897401008
Europe & Central Asia,ECS,GDP growth (annual %),1.777523754,3.182087942,2.653331176,3.889858123,3.603507408,1.012823101,-4.394510121,2.660279012,2.362191321,0.352261977,0.896554822,1.884132778,2.118214779,1.969830675,2.81854481,2.173096119,1.821607026,-5.5414553,5.804199594
Ecuador,ECU,GDP growth (annual %),2.722877337,8.211020917,5.291308267,4.403526434,2.190063972,6.3571306,0.566491592,3.525298669,7.868140919,5.641962067,4.946511267,3.788868549,0.098872608,-1.226383985,2.368386526,1.289291933,0.012105103,-7.787607091,4.235251242
"Egypt, Arab Rep.",EGY,GDP growth (annual %),3.193454739,4.092071612,4.471744469,6.843838197,7.087827427,7.156283564,4.6735998,5.147234859,1.764571949,2.226199797,2.185466054,2.91591188,4.372019078,4.346643456,4.181221,5.314121037,5.557683888,3.569669475,3.326742091
Euro area,EMU,GDP growth (annual %),0.681678758,2.292989751,1.680557938,3.230321032,3.001034189,0.417781379,-4.521088887,2.178738413,1.718488285,-0.842676535,-0.220297647,1.40164614,2.062522189,1.863865361,2.616517432,1.834547332,1.577736254,-6.399955289,5.397707876
Eritrea,ERI,GDP growth (annual %),-2.655515925,1.451735566,2.574449551,-0.969217111,1.426822211,-9.783030018,3.876501528,2.194190349,8.679800101,4.240230174,4.141004672,4.171640199,4.461597158,4.498345583,4.54294718,3.796485312,2.375170414,-4.383128794,6.752521451
Spain,ESP,GDP growth (annual %),2.981894836,3.122795242,3.652032674,4.102727115,3.604687971,0.887145182,-3.763231927,0.163010231,-0.814373455,-2.959441302,-1.435394259,1.383907943,3.83517266,3.03130133,2.973641191,2.288785676,2.085191421,-10.82288649,5.129455127
Estonia,EST,GDP growth (annual %),7.600265185,6.804007771,9.526426972,9.76558337,7.57914052,-5.132000958,-14.62905503,2.444265118,7.263084581,3.228200494,1.458428636,3.011366587,1.853020046,3.155564814,5.792044675,4.133819798,4.096342644,-2.951069313,8.34945362
Ethiopia,ETH,GDP growth (annual %),-2.161359722,13.57260314,11.81876595,10.83472707,11.456167,10.78852169,8.802553198,12.55053835,11.17829623,8.647811633,10.58227005,10.25749296,10.39246302,9.433482658,9.564189643,6.816147797,8.364085699,6.059530886,5.637303008
European Union,EUU,GDP growth (annual %),0.90765199,2.591564852,1.924095066,3.493433588,3.154770533,0.641009993,-4.348064753,2.249315209,1.857767445,-0.706731741,-0.031993335,1.575668628,2.310707917,2.007685382,2.816019696,2.067147102,1.827815671,-5.955793069,5.380224483
Fragile and conflict affected situations,FCS,GDP growth (annual %),1.210576835,11.06100229,5.831479084,5.856583004,6.003046567,5.02423761,2.861048377,6.917860451,-0.017265917,4.8219909,3.410449572,2.141274488,0.919428098,2.414204045,2.502900454,2.616584722,2.240922249,-4.244645517,2.44853348
Finland,FIN,GDP growth (annual %),2.003784203,3.99209129,2.779850556,4.027409658,5.299336507,0.783995061,-8.074447432,3.185958654,2.547664838,-1.397545728,-0.901696316,-0.364908157,0.543659212,2.811457767,3.19240963,1.141947509,1.220754143,-2.299256085,3.474547181
Fiji,FJI,GDP growth (annual %),0.999999345,5.299999705,0.700000402,1.852483872,-0.85065431,1.03279422,-1.386037708,2.954672422,2.705143029,1.411314382,4.73421949,5.603514406,4.50120041,2.445651797,5.35336456,3.812351222,-0.445563314,-15.15081665,-4.081424941
France,FRA,GDP growth (annual %),0.823160757,2.829752929,1.66321998,2.449323601,2.424736243,0.25494596,-2.873313828,1.949437623,2.192700633,0.313134751,0.576326675,0.956183052,1.112912341,1.095464404,2.291419994,1.865066071,1.842971814,-7.855256037,6.963570788
"Micronesia, Fed. Sts.",FSM,GDP growth (annual %),1.572115067,-3.080153047,2.041867164,-0.081055293,-1.836185294,-2.408492587,1.093099241,2.259389956,3.188574755,-1.866819755,-3.679767791,-2.305775745,4.621884004,0.900180417,2.682185944,0.2116536,1.174790528,-1.765397518,-3.188209928
Gabon,GAB,GDP growth (annual %),2.247330012,0.689543058,2.676203333,-2.806578356,6.008108025,-3.308430649,0.13033112,7.089887315,7.091753343,5.251076918,5.638699003,4.314964441,3.878899395,2.091442208,0.472642031,0.837916581,3.920808795,-1.83776093,1.505359401
United Kingdom,GBR,GDP growth (annual %),3.029889927,2.355629762,2.59328001,2.584104677,2.269486875,-0.239638085,-4.247356266,2.131438198,1.457563391,1.469887521,1.890018342,2.991164814,2.622596679,2.263463538,2.134453093,1.650925496,1.671944197,-9.270410835,7.441273093
Georgia,GEO,GDP growth (annual %),11.05872319,5.794496346,9.589574062,9.419770648,12.57895343,2.418571659,-3.650513631,6.249487768,7.399999867,6.369008306,3.621305352,4.431924823,3.02220738,2.90643878,4.842603225,4.842919885,4.982350475,-6.760439817,10.35894265
Ghana,GHA,GDP growth (annual %),5.200000133,5.599999991,5.900003819,6.399912606,4.346819104,9.149798938,4.844487052,7.899711941,14.04712358,9.292789406,7.312525017,2.856240163,2.120759338,3.37346575,8.128894881,6.200077681,6.507774794,0.513941648,5.356477897
Guinea,GIN,GDP growth (annual %),1.24860126,2.340117313,2.997272562,1.189613767,6.817473228,4.133009273,-1.122641485,4.813362867,5.612108175,5.915288884,3.945683805,3.696541843,3.825921667,10.82062144,10.30000473,6.358491927,5.616914469,4.637277536,3.12323
"Gambia, The",GMB,GDP growth (annual %),6.869999622,7.050000001,-2.351729362,-0.555580977,3.043249508,6.255905534,6.665724308,5.90833581,-8.130444223,5.241569246,2.87276879,-1.407382495,4.058073804,1.943359655,4.822611249,7.234890333,6.22205316,-0.201822911,5.626499143
Guinea-Bissau,GNB,GDP growth (annual %),0.568510176,2.76140199,4.266098931,2.309357998,3.262955456,3.203567307,3.368974958,4.6109709,8.084779734,-1.712683012,3.255904265,0.964560751,6.134082941,6.262805638,5.919176626,1.283736703,4.499999992,-2.399999999,3.800002427
Equatorial Guinea,GNQ,GDP growth (annual %),13.95525032,37.99872686,16.74870061,7.704917607,15.28211392,17.79910913,1.343356288,-8.924175889,6.52392363,8.312871844,-4.133198501,0.415066302,-9.110041149,-8.816417232,-5.667502957,-6.236550982,-5.48182338,-4.241478166,-0.9453919
Greece,GRC,GDP growth (annual %),5.794530776,5.060992902,0.59914188,5.652433708,3.273746933,-0.335172558,-4.300733458,-5.478627432,-10.14931483,-7.086696786,-2.515997222,0.475695947,-0.19608763,-0.487173294,1.09214912,1.668428636,1.803595256,-9.019129085,8.33610201
Grenada,GRD,GDP growth (annual %),9.463973431,-0.647450316,13.27618833,-3.995328244,6.123450947,0.947542625,-6.613281348,-0.511262754,0.764976824,-1.155143735,2.351418773,7.344076522,6.443143733,3.739651388,4.438675669,4.361440394,0.675702998,-13.7555278,5.316325295
Greenland,GRL,GDP growth (annual %),4.430045721,6.906582837,4.987491771,5.555694901,2.352437981,6.166132702,0.865952329,1.735825059,-0.496519392,1.39419336,-1.298280693,4.742135673,-2.529318024,4.68195411,0.052728183,0.623065429,2.271310943,0.35653166,1.238024
Guatemala,GTM,GDP growth (annual %),2.560377668,3.137916836,3.276026926,5.351397787,6.33771869,3.293524,0.476898107,2.884175428,4.163906883,2.974708568,3.694819199,4.443977583,4.092170816,2.677802555,3.079851491,3.322097997,3.866856575,-1.519330035,7.527628776
Guam,GUM,GDP growth (annual %),0.879314135,6.493789497,3.642316349,-3.652517275,0.717213115,2.034587996,0.438683948,2.263251936,0.077654824,2.13385063,1.690408357,1.793051924,0.825688073,0.181983621,0.890099909,-0.720201656,2.538991658,-11.85001769,1.34891902
Guyana,GUY,GDP growth (annual %),-0.632225388,1.56335211,-1.950957595,5.129609348,7.191236241,1.606001675,3.876525381,3.778200183,5.339378131,5.383623469,3.653504768,1.686027732,0.68752121,3.807918837,3.734374061,4.441013589,5.352627426,43.47955594,19.92722887
High income,HIC,GDP growth (annual %),2.238915045,3.444709567,2.930612406,3.145639572,2.830415156,0.543595151,-3.229395654,3.013649618,1.945578775,1.407879943,1.516072268,2.074666699,2.367795928,1.825683771,2.374700666,2.340666232,1.779924663,-4.496496728,5.107989855
"Hong Kong SAR, China",HKG,GDP growth (annual %),3.05633588,8.700044218,7.388142729,7.032638896,6.464776198,2.127880539,-2.459160771,6.767665109,4.814681619,1.700288005,3.101509063,2.762373964,2.387791478,2.175473384,3.796092043,2.846932207,-1.678266622,-6.496562376,6.418471098
Honduras,HND,GDP growth (annual %),4.547038052,6.232302961,6.050599222,6.567243552,6.188327167,4.23160011,-2.43162788,3.731140344,3.835690662,4.128687749,2.791559757,3.058080562,3.840079971,3.892972197,4.842913911,3.84499477,2.653066255,-8.964760184,12.53409602
Heavily indebted poor countries (HIPC),HPC,GDP growth (annual %),4.014054796,5.625092932,5.600365672,5.914187895,5.474587628,5.497795281,3.213822133,5.922619037,3.918131967,2.594826502,5.541916028,5.755770847,4.641261107,4.377763135,4.799583263,4.024081025,4.140263215,0.205715669,4.594382593
Croatia,HRV,GDP growth (annual %),5.525946728,4.149336808,4.312401186,4.938356531,4.912811472,1.895443552,-7.281699547,-1.250700462,-0.085243549,-2.275706646,-0.363117372,-0.345947048,2.52568842,3.532432232,3.41409226,2.900009599,3.481945603,-8.099761252,10.44887245
Haiti,HTI,GDP growth (annual %),3.480779732,-1.31785676,3.072173377,1.768750603,4.70652994,2.658032308,5.890378948,-5.651511534,5.098213544,0.502424404,4.324784115,1.722565602,2.562508835,1.812468078,2.510271345,1.667810955,-1.684595081,-3.343372612,-1.798239889
Hungary,HUN,GDP growth (annual %),4.084523338,5.000448324,4.295278477,3.947769723,0.276980757,1.006464779,-6.595474129,1.083118668,1.860155072,-1.257749507,1.806363928,4.223725539,3.703259936,2.191960369,4.268557419,5.359496489,4.554063072,-4.46322087,7.096612232
IBRD only,IBD,GDP growth (annual %),5.995517788,7.689697451,7.226844584,8.28384141,8.999749506,5.941737141,2.891627057,7.847538773,6.380443151,5.470841145,5.278854746,4.79446212,4.440135009,4.615569363,5.228635654,4.914720395,3.997212439,-1.450654352,7.131133386
IDA & IBRD total,IBT,GDP growth (annual %),5.906508975,7.60442314,7.13206322,8.102110504,8.762472517,5.868186869,3.046210509,7.715322721,6.18921816,5.26470334,5.275417265,4.849360944,4.353921914,4.506387388,5.12348643,4.872355355,4.00123926,-1.362644896,6.911944281
IDA total,IDA,GDP growth (annual %),4.921220954,6.650809236,6.061805369,6.027489491,5.996099251,4.986376791,4.885499112,6.172074984,3.921985721,2.762841041,5.23259769,5.531183045,3.290663582,3.144871028,3.793562894,4.329115357,4.053164369,-0.221758876,4.080815665
IDA blend,IDB,GDP growth (annual %),5.088647547,7.499267389,5.950240497,5.797791504,5.781161366,4.103197289,5.903990731,6.116505604,4.691592258,4.574947214,5.535622902,5.845220903,3.81882565,1.687294833,2.544812666,3.722790102,2.741331517,-1.397125525,4.905865211
Indonesia,IDN,GDP growth (annual %),4.780369122,5.030873945,5.692571304,5.500951785,6.345022227,6.0137036,4.628871183,6.223854181,6.169784208,6.030050653,5.557263689,5.006668426,4.8763223,5.033069183,5.069785901,5.17429154,5.01928768,-2.065004941,3.691240112
IDA only,IDX,GDP growth (annual %),4.764772058,5.855531144,6.168001333,6.245685113,6.199413173,5.818503267,3.971050726,6.222895279,3.21885644,1.083639447,4.94209862,5.230446877,2.78191794,4.563027519,4.975126254,4.889536335,5.252192169,0.841579885,3.338760284
Isle of Man,IMN,GDP growth (annual %),5.999999688,5.200003104,5.899999336,7.699998713,7.50000023,4.900001001,2.100000272,3.399998424,1.999999382,7.303757302,4.141718551,5.155303088,-0.385798408,6.952311475,4.688811187,2.213403992,0.25486132,0.21893918,-0.238913
India,IND,GDP growth (annual %),7.860381476,7.922936613,7.923430621,8.060732573,7.660815065,3.08669806,7.861888833,8.497584702,5.241315001,5.456388753,6.386106401,7.410227605,7.996253786,8.256305502,6.795383419,6.453851345,3.73791852,-6.596080522,8.947962669
Ireland,IRL,GDP growth (annual %),3.009584321,6.785872817,5.73621145,4.980502016,5.30546835,-4.486599314,-5.100471121,1.755080743,1.068526654,-0.052354785,1.267014661,8.713697808,25.17624519,2.042232527,8.940012772,9.0301611,4.917006978,5.866975509,13.47865801
"Iran, Islamic Rep.",IRN,GDP growth (annual %),8.639298397,4.336665979,3.189804087,4.999795262,8.155773524,0.250856553,1.007385458,5.797938302,2.645717918,-3.747171399,-1.521979205,4.984775067,-1.424884939,8.815086643,2.758505246,-2.253863607,-1.340197665,1.761797091,1.3489023
Iraq,IRQ,GDP growth (annual %),-36.65815267,53.38179418,1.671889623,5.646297801,1.885572141,8.228107104,3.379299094,6.402564845,7.5464712,13.93643017,7.628571185,0.19701671,4.722864019,13.78737302,-1.819750351,2.633850991,5.513790575,-11.32419926,2.783335435
Iceland,ISL,GDP growth (annual %),2.142688379,7.802399508,6.124438965,6.316993086,8.454860096,2.209496419,-7.66380956,-2.832774915,1.845779156,1.063636607,4.55246032,1.687215018,4.436663719,6.303687107,4.194948829,4.892180731,2.434823,-6.50391225,3.699792401
Israel,ISR,GDP growth (annual %),1.149355582,4.915016328,4.15881137,5.776818161,6.10186595,3.45885767,1.14297478,5.684707293,5.542590001,2.822996205,4.777202349,4.124746861,2.279679419,4.462753818,4.377044428,3.983424594,3.77358981,-2.153428489,8.188040459
Italy,ITA,GDP growth (annual %),0.138626891,1.423594158,0.817848974,1.790639681,1.48707298,-0.962012841,-5.280937208,1.713295839,0.707333347,-2.980905768,-1.841065451,-0.004547542,0.778304351,1.293462732,1.667859041,0.925810941,0.500233913,-9.025668928,6.64379019
Jamaica,JAM,GDP growth (annual %),3.666317593,1.3237251,0.893797936,2.89912535,1.431954037,-0.811736703,-4.345301858,-1.457147209,1.730376267,-0.61363604,0.517686013,0.689822357,0.921487125,1.375223064,0.997123062,1.889923681,0.892291654,-10,4.6
Jordan,JOR,GDP growth (annual %),4.161666999,8.567214798,8.146594891,8.092974944,8.176170351,7.232318964,5.023710073,2.314834221,2.737179886,2.429358001,2.609947375,3.384078099,2.496528793,1.994180849,2.087114551,1.934091701,1.955466358,-1.551384466,2.209764771
Japan,JPN,GDP growth (annual %),1.535125499,2.186115694,1.803900872,1.372350128,1.483969412,-1.224289001,-5.693236359,4.097917919,0.023809524,1.374750999,2.005100177,0.296205514,1.560626697,0.753826746,1.675331752,0.584068067,-0.240350841,-4.506904542,1.620795525
Kazakhstan,KAZ,GDP growth (annual %),9.3,9.600000001,9.699999999,10.7,8.9,3.3,1.199999999,7.3,7.400000001,4.8,5.999999999,4.200000001,1.2,1.1,4.1,4.1,4.5,-2.5,4
Kenya,KEN,GDP growth (annual %),2.932475546,5.104299776,5.90666608,6.4724943,6.85072977,0.232282745,3.306939816,8.058473603,5.12110612,4.568679614,3.797848393,5.020111002,4.967721128,4.213517068,3.837958174,5.647946407,5.114158858,-0.250155705,7.517355387
Kyrgyz Republic,KGZ,GDP growth (annual %),7.030293201,7.026812415,-0.175515413,3.102898745,8.542874764,8.40161606,2.886294575,-0.471566601,5.956274309,-0.088150201,10.91546945,4.024038626,3.875825448,4.335855917,4.739937225,3.757910125,4.600625666,-8.398364296,3.610612695
Cambodia,KHM,GDP growth (annual %),8.505895557,10.34052878,13.25008691,10.77108367,10.21257391,6.691577475,0.086696959,5.963078575,7.069569946,7.313345505,7.356665149,7.142571101,6.965797814,6.933313973,6.996903699,7.469169207,7.054106932,-3.096006731,3.026389363
Kiribati,KIR,GDP growth (annual %),2.006324636,-1.629360204,4.951631626,-0.049295323,2.034947265,-2.091436758,0.802819887,-1.120258405,1.762562837,5.136122356,4.161613778,-1.096275095,9.865124154,-0.478157951,-0.244666979,5.274166566,-0.539619358,-0.546986884,-1.348942
St. Kitts and Nevis,KNA,GDP growth (annual %),-3.93339486,3.996346661,9.732820703,3.1503812,0.600602327,11.17852797,-3.379306113,0.04369578,1.616739444,-0.516911499,5.705600517,7.587327259,0.716605531,3.903967696,0.943666802,2.669828807,4.803984956,-14.40984867,-1.024578642
"Korea, Rep.",KOR,GDP growth (annual %),3.147291194,5.197391363,4.308542714,5.264326595,5.799548415,3.012984873,0.79269899,6.804824918,3.685667782,2.402530992,3.164708636,3.202453795,2.809103268,2.946881715,3.15963574,2.907403774,2.24397786,-0.852031429,4.021158473
Kuwait,KWT,GDP growth (annual %),17.32602042,10.24029806,10.60904498,7.514773,5.991575511,2.479756943,-7.076056431,-2.37026412,9.628406975,6.6258183,1.149300437,0.500876982,0.593019617,2.925868226,-4.712106209,2.433981268,-0.551959288,-8.855278923,3.39381
Latin America & Caribbean (excluding high income),LAC,GDP growth (annual %),2.502107666,5.435091013,4.074507191,5.175939507,5.459199715,3.843421752,-2.079018979,6.718036296,4.487034419,2.380343061,2.869840795,1.356026536,0.416733059,-0.293053847,2.00969935,1.628911603,0.681197396,-6.542613156,6.43213926
Lao PDR,LAO,GDP growth (annual %),6.067002304,6.35769548,7.107568369,8.619266209,7.596828801,7.824902763,7.501774913,8.526905517,8.038652681,8.026098434,8.026300226,7.611963441,7.270065843,7.022836255,6.892530873,6.247960008,5.457735092,0.50303183,2.528351001
Lebanon,LBN,GDP growth (annual %),3.227098269,6.679444617,2.68577931,1.549515002,9.310622525,9.069128269,10.23215558,7.975135559,0.867339877,2.564791337,3.827873498,2.484060106,0.462320792,1.55454941,0.903028919,-1.884705474,-6.914925218,-25.90773167,-10.51938942
Liberia,LBR,GDP growth (annual %),-30.14513273,2.619846895,5.281212453,8.043909972,9.535275363,7.145691128,5.300540503,6.09982524,8.200768225,7.993814446,8.687287816,0.7013931,-0.01856497,-1.554958617,2.45515592,1.157575122,-2.467297635,-2.98249215,4.000009998
Libya,LBY,GDP growth (annual %),13.01603725,4.461638996,11.87075652,6.50052542,6.229982786,-0.162048239,-4.400181763,5.027247672,-50.33851514,86.82674844,-17.99796157,-23.04280583,-0.842656252,-1.490941117,32.49180219,7.941367853,-11.19569459,-23.92978245,31.37242223
St. Lucia,LCA,GDP growth (annual %),4.264611487,7.26740887,-0.410304726,6.195257291,1.691618574,4.94932194,-2.828899548,1.603862385,5.483411333,-0.19985174,-3.174377604,1.758665901,-1.360484662,3.646315369,3.501752258,2.926421259,-0.063943687,-20.37364193,6.599327357
Latin America & Caribbean,LCN,GDP growth (annual %),2.54618477,5.586670401,4.010351015,5.06000255,5.287836416,3.731055232,-1.991694782,6.427963335,4.449371779,2.543830605,2.845063,1.36612827,0.536441748,-0.15829134,1.891563124,1.632452835,0.725275804,-6.672302212,6.752375485
Least developed countries: UN classification,LDC,GDP growth (annual %),5.042605284,6.33072634,7.356621493,6.879153133,7.230921809,6.339474986,3.899444006,6.2062409,3.001674305,2.149872992,5.605194903,5.575389535,2.464251558,4.012831285,4.326383484,4.378049741,4.868918689,0.64491806,2.296664225
Low income,LIC,GDP growth (annual %),4.969191234,6.010733035,6.490514493,5.960122007,6.170517922,5.405013964,3.542885811,6.772108651,0.606540018,-4.106733124,3.249023516,4.343628912,-0.174958387,2.363293125,2.963035506,3.114058805,3.823595066,0.10476527,3.013900152
Liechtenstein,LIE,GDP growth (annual %),-1.937565341,3.039172103,4.828076777,8.644968573,3.325963509,1.798088478,-1.15748292,7.3194809,3.38013849,-4.2390318,4.21340943,4.23939,7.139094309,5.12891349,3.319034,6.349023,7.34809349,2.2490349,1.380492
Sri Lanka,LKA,GDP growth (annual %),5.940269078,5.445061278,6.241748045,7.6682919,6.796826119,5.950088145,3.538912053,8.015967371,8.404733021,9.144572246,3.39573265,4.960700592,5.007683305,4.486634531,3.578169679,3.272000478,2.328819771,-3.615191389,3.655632256
Lower middle income,LMC,GDP growth (annual %),6.161188774,6.557021343,6.083015063,6.43501982,6.869574457,4.231763348,4.649439744,6.600893102,4.775749654,4.475866424,4.978196297,5.554989874,5.015991066,5.70922875,5.059489894,4.824460346,3.784775134,-3.322305358,5.59139502
Low & middle income,LMY,GDP growth (annual %),6.014242057,7.669599582,7.279811872,8.19035706,8.860838702,5.894779819,3.211894267,7.92655943,6.255331913,5.366606203,5.388197281,4.917430085,4.397510138,4.560399403,5.150581,4.882897802,4.013005429,-1.259939619,6.892505219
Lesotho,LSO,GDP growth (annual %),4.559776811,1.692374206,3.466122481,4.230094854,4.187914418,5.522028201,-1.255514626,5.266280653,4.614252238,6.334821701,1.792531445,1.710544004,3.127557724,3.588364597,-3.141949946,-1.223137311,2.401781154,-7.556733624,1.015870819
Late-demographic dividend,LTE,GDP growth (annual %),6.823504188,8.185940269,7.753811421,9.290373427,10.23174511,6.933317437,3.715259213,8.05494825,7.162175788,5.865248794,5.656866971,5.201830469,4.678413224,4.453320778,5.305667311,5.407862308,4.703873686,0.086996639,7.193870775
Lithuania,LTU,GDP growth (annual %),10.56595699,6.569490118,7.732367604,7.414121335,11.10748014,2.614423033,-14.83860837,1.651240653,6.03900816,3.843864749,3.550072843,3.537009879,2.024583955,2.518828273,4.282596951,3.993310328,4.573771737,-0.132431461,5.003500766
Luxembourg,LUX,GDP growth (annual %),2.619378579,4.231891307,2.482874748,6.016715044,8.098667607,-0.300176194,-3.238954027,3.760413593,1.044298695,1.64990203,3.171790499,2.623086016,2.269784484,4.978190437,1.317187663,2.00437712,3.283806756,-1.776240229,6.886567708
Latvia,LVA,GDP growth (annual %),8.422494257,8.281972087,10.71522829,11.96520396,9.943002121,-3.242799942,-14.24828338,-4.470941885,2.564422968,7.037317185,2.010744815,1.900096243,3.885027277,2.367609543,3.31308889,3.989480387,2.484326355,-3.7690784,4.482095399
"Macao SAR, China",MAC,GDP growth (annual %),11.64076174,26.63057679,8.075447739,13.39025202,14.47672913,3.39127516,1.274152541,25.12282269,21.61658789,9.242352874,10.75280699,-2.048310388,-21.51441131,-0.6789426,9.983192244,6.464613521,-2.511980044,-54.01140215,17.99085376
Morocco,MAR,GDP growth (annual %),5.961162155,4.797018362,3.291639684,7.574631645,3.531594152,5.923277686,4.243757321,3.815717917,5.245697297,3.009961262,4.5354242,2.669493927,4.536378168,1.05985639,4.254603273,3.148502656,2.607935495,-6.29325316,7.372727618
Monaco,MCO,GDP growth (annual %),1.087536749,2.470484168,1.89541352,5.803937636,14.42889803,0.666835003,-11.29999946,2.09999905,7.000000024,1.012217961,9.574890743,7.189187012,4.863473211,3.451551047,-3.500961422,5.95627042,6.905665492,-11.75277338,9.18301
Moldova,MDA,GDP growth (annual %),6.600000038,7.39999969,7.500000139,4.79999985,3.00000024,7.800000145,-6.000000289,7.100000084,5.818166219,-0.589733963,9.04386557,4.999625923,-0.338235559,4.408886709,4.690793676,4.301477757,3.683403898,-7.380182154,13.9445896
Madagascar,MDG,GDP growth (annual %),9.784892121,5.257003621,4.755845097,5.39850845,5.710564197,6.712632542,-3.978708613,0.619239746,1.578427051,3.011148115,2.300376232,3.339203113,3.132298073,3.993146064,3.933307595,3.20001288,4.4,-7.14061,4.40234
Maldives,MDV,GDP growth (annual %),13.75004982,6.033754049,-13.12905343,26.1114935,7.713867271,9.485332661,-7.228841465,7.265129068,8.566733531,2.517383942,7.281073979,7.329626203,2.88454853,6.338300636,7.209910123,8.123128908,6.883688846,-33.4999021,30.96284226
Middle East & North Africa,MEA,GDP growth (annual %),5.029267759,7.879893642,5.017969784,5.837506643,5.224489206,4.616234215,0.684045579,5.033379026,3.586849395,4.293415278,2.22871521,2.808878721,2.405034344,4.018900101,1.785586473,2.023578571,1.512633266,-3.949879324,4.331002148
Mexico,MEX,GDP growth (annual %),1.446382684,3.92059081,2.307807066,4.495077894,2.291445714,1.143584587,-5.285744137,5.118118143,3.66300793,3.642322679,1.354091962,2.849773255,3.293151528,2.630532425,2.113129135,2.194994725,-0.185906788,-8.16735801,4.797191749
Marshall Islands,MHL,GDP growth (annual %),-1.615875909,0.949293706,2.35344276,-0.350859671,3.230407049,-6.179590788,3.184525712,6.668641057,-0.612309009,-2.295210414,4.017979699,-0.950334665,1.613921462,1.313281937,3.25052637,3.574755164,6.644663737,-2.207605402,-2.500002407
Middle income,MIC,GDP growth (annual %),6.037736291,7.706517459,7.297101028,8.238841982,8.918094496,5.904940148,3.204692975,7.951758804,6.377286459,5.560035752,5.427875701,4.927956029,4.48092147,4.598693153,5.187893292,4.9124302,4.016113601,-1.281569716,6.952420509
North Macedonia,MKD,GDP growth (annual %),2.222601657,4.67408958,4.724088642,5.137025162,6.473486858,5.47200139,-0.358614857,3.358750858,2.339886045,-0.456183224,2.925257665,3.629123513,3.85586514,2.848205194,1.081772738,2.88059671,3.910419538,-6.110886711,3.964264171
Mali,MLI,GDP growth (annual %),9.119041995,1.559998661,6.534778775,4.662186878,3.493616813,4.773145081,4.806322267,5.313935279,3.21313378,-0.836734632,2.29506829,7.084683881,6.171800024,5.852299199,5.305456084,4.746484327,4.756160808,-1.235450447,3.069870047
Malta,MLT,GDP growth (annual %),4.07406885,0.140268127,3.383593576,2.510142345,4.7747056,3.826359416,-1.133873468,5.543639385,0.467050856,4.117707299,5.473355695,7.633538112,9.608132811,3.381450026,11.07915223,6.034213807,5.861136493,-8.348798176,9.413538371
Myanmar,MMR,GDP growth (annual %),12.98632489,13.69528734,13.56694201,13.30686931,12.50048629,11.07426765,10.4098444,10.06928609,7.520057227,6.485754004,7.898669478,8.19966375,3.277279417,10.50778078,5.7500645,6.404977325,6.750460146,3.1737744,-17.98474234
Middle East & North Africa (excluding high income),MNA,GDP growth (annual %),2.266782073,7.788608519,4.531456838,5.144401796,6.114950437,3.726431631,2.641807313,5.270400082,-1.059172504,3.636574811,0.420904441,1.74055984,0.740157641,5.412260794,3.045636481,1.663359933,1.388754847,-3.38118956,4.22248816
Montenegro,MNE,GDP growth (annual %),2.482659229,4.426050717,4.180604509,8.56641803,6.810150125,7.222752592,-5.795096995,2.734331082,3.228451021,-2.723790771,3.548979912,1.783698581,3.390381397,2.949280321,4.716465276,5.077888811,4.062944992,-15.30689376,12.43435899
Mongolia,MNG,GDP growth (annual %),7.004634574,10.62540596,7.253665441,8.55623481,10.24801636,8.900367947,-1.268598941,6.365161685,17.29077758,12.31981985,11.64891619,7.885225481,2.379835807,1.489784485,5.63687639,7.74488062,5.602244219,-4.557751973,1.421009097
Northern Mariana Islands,MNP,GDP growth (annual %),0.343170899,-3.077975376,-12.70289344,-6.871463217,-6.684027778,-11.06976744,-17.57322176,1.395939086,-7.384230288,0.810810811,2.680965147,4.177545692,3.383458647,29.21212121,23.17073171,-19.34501142,-11.14258735,-1.3489028,1.139801
Mozambique,MOZ,GDP growth (annual %),6.878532872,7.916407836,6.645908281,9.694374092,7.729746242,7.317755324,6.318197232,6.502353115,7.417384316,7.258439253,6.963607135,7.398512797,6.72327878,3.824214319,3.741317593,3.44381384,2.31460601,-1.233905711,2.224819268
Mauritania,MRT,GDP growth (annual %),6.928269551,4.732757925,8.566287249,18.33319876,-1.969422752,-0.331079195,0.097875872,2.620229521,4.172783283,4.470013182,4.150813186,4.274823271,5.376339237,1.260909224,6.270545694,4.526746225,5.75993059,-1.763321794,2.299748541
Mauritius,MUS,GDP growth (annual %),5.925445489,4.330019872,1.777543037,4.865544591,5.727016142,5.38696257,3.315076989,4.377203239,4.077538074,3.496118338,3.360406103,3.744575773,3.55307173,3.837932629,3.814152115,3.759677231,3.012375907,-14.89467567,4.040219734
Malawi,MWI,GDP growth (annual %),5.705639436,5.420497695,3.268725825,4.699999993,9.600000005,7.639736775,8.328110275,6.874065633,4.854055111,1.885799508,5.199999996,5.700000005,2.8,2.484040626,4.000030516,4.391688296,5.448181336,0.799998331,2.751416408
Malaysia,MYS,GDP growth (annual %),5.788499286,6.783437724,5.332139161,5.584847067,6.298785927,4.831769889,-1.513528716,7.424847383,5.293912834,5.473454193,4.693722526,6.006721946,5.091532422,4.449781398,5.81272241,4.843086976,4.439438251,-5.646939932,3.132589661
North America,NAC,GDP growth (annual %),2.869688287,3.85630695,3.592531627,2.886139206,2.374144255,0.19032007,-2.627118134,2.736368762,1.673279935,2.236265126,1.879791747,2.332052952,2.541510234,1.61424654,2.317497511,2.906563164,2.256015298,-3.54907147,5.584548978
Namibia,NAM,GDP growth (annual %),4.239794296,12.2695481,2.529262658,7.073175318,5.374044152,2.649812038,0.295970914,6.03924948,5.091338139,5.06168207,5.614719623,6.09251916,4.264174538,0.03379445,-1.027250827,1.059943471,-0.922335257,-7.865936625,2.430639858
Niger,NER,GDP growth (annual %),2.170610384,0.363801579,7.331868843,5.931049974,3.142724084,7.731414228,1.962600907,8.578166743,2.357756936,10.54894458,5.315130634,6.642136655,4.392648832,5.740893151,5.001359945,7.210803008,5.941396863,3.580006403,1.352053749
Nigeria,NGA,GDP growth (annual %),7.34719497,9.250558228,6.438516525,6.059428031,6.591130361,6.764472778,8.036925102,8.005655915,5.307924204,4.230061175,6.671335393,6.309718656,2.652693295,-1.61686895,0.80588662,1.922757342,2.208429277,-1.794253082,3.647186541
Nicaragua,NIC,GDP growth (annual %),2.520732892,5.312170612,4.282398363,4.153199566,5.076701701,3.436373829,-3.292789619,4.409645499,6.317476383,6.495258014,4.927502861,4.78581617,4.792056766,4.563515388,4.630795521,-3.363705717,-3.779889144,-1.789407999,10.34492902
Netherlands,NLD,GDP growth (annual %),0.155645898,1.984945714,2.050876108,3.460988954,3.772842521,2.170324851,-3.666883937,1.342739336,1.551189312,-1.030353991,-0.130175288,1.423395395,1.959169721,2.191713719,2.910902513,2.360915095,1.955588416,-3.798635993,5.035902024
Norway,NOR,GDP growth (annual %),0.910105664,3.96941456,2.625419938,2.399828426,2.994287714,0.476345013,-1.727020309,0.701833824,0.981434479,2.703109471,1.034072914,1.969544301,1.967128438,1.071558977,2.323290208,1.118828479,0.745798219,-0.717182669,3.92266521
Nepal,NPL,GDP growth (annual %),3.945037761,4.682603249,3.479181044,3.364614787,3.411560275,6.104639147,4.533078721,4.816414651,3.421828238,4.670122149,3.525153174,6.011482841,3.976053274,0.433113718,8.977279354,7.622376108,6.657055428,-2.369620627,4.246940141
Nauru,NRU,GDP growth (annual %),0.389348914,4.2384309,-3.03030303,9.375,-22.85714286,22.22222222,9.090909091,11.11111111,10,11.36363636,30.6122449,26.5625,3.703703704,3.571428571,-5.747126437,6.097560976,0,1.149425287,1.5
New Zealand,NZL,GDP growth (annual %),4.549994884,4.028302741,3.320716818,2.881062303,3.028160489,-1.111523076,-0.135170176,1.523877571,2.251758633,2.245302935,2.695416618,3.815427603,3.744332198,3.767447717,3.578278276,3.359219548,2.192477216,-1.252664529,4.64680675
OECD members,OED,GDP growth (annual %),2.091943571,3.296376864,2.870298685,3.074285905,2.731276457,0.391959688,-3.349481107,2.97351232,1.893769631,1.387657572,1.528241607,2.077670592,2.449634771,1.835282324,2.480370989,2.347097406,1.747392248,-4.467268552,5.231347632
Oman,OMN,GDP growth (annual %),-2.668591109,1.292205681,2.490221143,5.371888874,4.452683565,8.200078158,6.112395608,1.713985311,2.894609735,8.863122256,5.227704081,1.292252294,5.017057997,5.046423946,0.304057566,1.287103915,-1.129206457,-3.20093599,
Other small states,OSS,GDP growth (annual %),4.492202275,9.070910668,5.759471695,10.86352651,9.985315363,7.4612532,1.899093873,8.64438603,7.530251806,3.573288319,3.713914121,3.789219819,3.088953598,2.969967185,1.325662619,2.217095844,2.182099823,-5.119713549,3.554284519
Pakistan,PAK,GDP growth (annual %),5.777033992,7.546860015,6.518778074,5.898984441,4.832817277,1.701405465,2.831658519,1.606688629,2.748405917,3.50703342,4.396456633,4.674707981,4.731147475,5.526735845,4.432625907,6.151702611,2.497636929,-1.329519732,6.029752083
Panama,PAN,GDP growth (annual %),4.205495945,7.522079658,7.191279402,8.652465611,11.98398539,9.855654852,1.242992318,5.827993494,11.31362591,9.778827683,6.903436783,5.066613016,5.73269035,4.953434943,5.591328224,3.685344522,2.979715328,-17.9448641,15.33581906
Peru,PER,GDP growth (annual %),4.165023137,4.958203206,6.285060325,7.528899044,8.518387769,9.126568301,1.095823659,8.332459107,6.327192402,6.139724706,5.852518211,2.382157372,3.252244772,3.953318715,2.518835442,3.969351341,2.240631769,-10.95269893,13.34950908
Philippines,PHL,GDP growth (annual %),5.086911135,6.569228512,4.942505119,5.316416821,6.51929155,4.344487305,1.448323063,7.33449996,3.858232828,6.896951711,6.750531301,6.347987483,6.348309717,7.14945675,6.930988326,6.341485572,6.118525662,-9.518294741,5.703155968
Palau,PLW,GDP growth (annual %),-3.263383214,4.856030279,3.959863679,-0.405643641,2.021141709,-5.781911421,-6.590472605,0.216093492,6.683667538,1.67259734,-3.387309936,6.293865865,7.539063225,-0.083373224,-3.283788455,-0.107219442,-1.896243292,-9.737417943,-9.3189048
Papua New Guinea,PNG,GDP growth (annual %),2.164102502,2.721175741,6.344795923,5.409944091,7.815189229,-0.296457846,6.800421483,10.12845407,1.107543626,4.657119597,3.824946328,13.54377062,6.578356323,5.489573153,3.534610818,-0.279252285,4.480430622,-3.499999987,1.5
Poland,POL,GDP growth (annual %),3.49839626,4.982825593,3.506849729,6.131138073,7.061543459,4.19996859,2.832178037,3.740521281,4.757635638,1.324896305,1.125763386,3.378581715,4.23632685,3.141725778,4.830656005,5.353703355,4.744950156,-2.540658682,5.732581696
Pre-demographic dividend,PRE,GDP growth (annual %),-0.549740918,11.74521365,5.954068187,6.228852176,6.027127222,6.269399857,4.606085783,6.486474232,4.015447024,3.516735334,5.803039837,5.076149226,3.212324582,2.436083763,1.5810762,2.537272891,3.187896256,-2.44341551,3.492400487
Puerto Rico,PRI,GDP growth (annual %),0.053419805,8.748676927,-1.986938733,-1.409414024,-1.16280669,-1.84413425,-1.952425142,-0.413254118,-0.358510628,0.02927511,-0.306826657,-1.190363454,-1.049443651,-1.263002925,-2.885954759,-4.147474747,1.484814635,-3.903305193,-6.384098
Portugal,PRT,GDP growth (annual %),-0.930521193,1.788735682,0.781848216,1.625034176,2.506579646,0.319247925,-3.12207942,1.737625476,-1.696164781,-4.057293608,-0.922644675,0.792190302,1.792046046,2.019485396,3.506345285,2.849325934,2.682759409,-8.442455971,4.881210103
Paraguay,PRY,GDP growth (annual %),4.320745486,4.057418364,2.133490665,4.807117193,5.421622872,6.49629212,-0.261137328,11.09523127,4.286371207,-0.708043112,8.293076489,5.301238592,2.957151735,4.268025833,4.810078856,3.204250341,-0.401855101,-0.819785391,4.199881666
West Bank and Gaza,PSE,GDP growth (annual %),14.01586702,21.92523884,11.29065118,-0.996556103,3.788281521,7.429182255,8.593490879,5.777362056,9.600808489,6.096456563,4.698569866,-0.157866651,3.721299671,8.86461882,1.419367563,1.227077378,1.362687466,-11.31846611,7.050450938
Pacific island small states,PSS,GDP growth (annual %),2.098390228,3.989080873,2.373858283,2.413780698,0.415145121,1.938611637,-0.516283229,3.333344149,3.844696681,0.773806597,3.290898419,3.626628995,3.66158972,3.633156336,4.322038601,2.938999857,0.790553882,-9.485713378,-3.43559027
Post-demographic dividend,PST,GDP growth (annual %),2.07264359,3.232430328,2.814242569,2.980403385,2.678501955,0.357760142,-3.371796113,2.906483692,1.683560235,1.251807066,1.40452245,1.902648299,2.153163873,1.75459196,2.351782094,2.252715846,1.706387737,-4.671960192,4.978884418
Qatar,QAT,GDP growth (annual %),3.719958677,19.21891534,7.492758483,26.17024567,17.98565682,17.66355636,11.95656113,19.59233153,13.37517642,4.730011832,5.556040641,5.334323299,4.753345721,3.064191883,-1.49760469,1.234872192,0.774808391,-3.640449805,1.523397356
Romania,ROU,GDP growth (annual %),2.341147329,10.42811302,4.668148051,8.028811076,7.233807744,9.307467171,-5.517394408,-3.90123628,1.906067707,2.040665131,3.770962304,3.608723653,2.953674037,4.702997747,7.319448529,4.474523775,4.188260341,-3.747907695,5.879667885
Russian Federation,RUS,GDP growth (annual %),7.299952345,7.19994787,6.399965448,8.200068255,8.499977768,5.199969265,-7.799993913,4.5,4.300029186,4.024086157,1.755422149,0.736267221,-1.972719226,0.193690072,1.825790064,2.80724541,2.198075741,-2.683296216,4.81979166
Rwanda,RWA,GDP growth (annual %),2.20240272,7.447679676,9.377899425,9.227047579,7.633311061,11.16124324,6.248259929,7.334656108,7.958385719,8.641520625,4.719836864,6.167167721,8.856861325,5.970744298,3.976289694,8.579437537,9.460597561,-3.35885332,10.88451916
South Asia,SAS,GDP growth (annual %),7.253383362,7.512037981,7.518348986,7.626488141,7.231862386,3.260219847,6.928884681,7.465781838,5.099070037,5.476622795,6.015779389,6.896913085,7.368698348,7.671463596,6.444783025,6.373259043,3.913844396,-5.23983299,8.322484131
Saudi Arabia,SAU,GDP growth (annual %),11.24206139,7.958441664,5.573850121,2.788402228,1.847130252,6.249772755,-2.05924919,5.039484026,9.996865166,5.41142278,2.699281071,3.652485666,4.106393864,1.670664257,-0.741528418,2.5141658,0.333780755,-4.137670376,3.240929768
Sudan,SDN,GDP growth (annual %),6.288808161,5.140888518,5.643515513,6.531411747,5.735274237,3.846744731,-2.767704366,3.858241952,-3.213532093,-17.0046884,1.955144633,4.661379542,1.910176891,3.467642184,0.709256285,-2.68093055,-2.178251045,-3.629805626,0.114588214
Senegal,SEN,GDP growth (annual %),5.593950945,4.643293937,4.310238526,2.330770983,2.827119201,3.703169064,2.752104485,3.390889253,1.33409108,4.002995551,2.412385276,6.224074438,6.367043651,6.369684417,7.393737497,6.209241034,4.613628097,1.325505141,6.064495968
Singapore,SGP,GDP growth (annual %),4.548255426,9.939982684,7.366322393,9.006766079,9.021519513,1.863483455,0.127953383,14.51974971,6.214934169,4.435497594,4.817630991,3.935540277,2.976799316,3.56169799,4.661435049,3.661304994,1.095672567,-4.143105621,7.613962615
Solomon Islands,SLB,GDP growth (annual %),6.523467484,6.667077542,5.526282338,4.874238873,4.442257011,5.805617289,2.569480516,8.615939062,7.26669341,1.864635329,5.331720602,1.049990229,1.417020759,5.873144496,5.346589325,3.943123751,1.204469119,-4.319699119,-0.177260016
Sierra Leone,SLE,GDP growth (annual %),9.313120969,6.59794486,4.505095672,4.223914279,8.058145152,5.39828521,3.188051216,5.346466052,6.315045036,15.18176908,20.71576829,4.556772366,-20.59877072,6.055474029,4.192610074,3.46460214,5.254241203,-1.96894782,3.050202695
El Salvador,SLV,GDP growth (annual %),1.565393031,0.889404486,2.710398073,4.34481288,1.859704695,2.126699102,-2.087323805,2.106741573,3.817056396,2.815501822,2.232142857,1.710709945,2.398973133,2.545926086,2.246670039,2.432287587,2.382581398,-8.581312158,10.80086859
San Marino,SMR,GDP growth (annual %),3.872966692,4.548844146,2.42510699,3.830083565,7.109322602,-0.500939261,-10.32095658,-5.473684211,-8.314773571,-7.044534413,-0.783972125,-0.7023705,2.291503095,2.344412118,0.2582599,1.493903998,2.065690829,-6.64791226,1.38493425
Somalia,SOM,GDP growth (annual %),3.2381093,2.43042358,7.230824,1.3084381,2.2303148,3.302854,-1.123901,-2.238193982,4.219283,6.2381801,8.12389039,7.507100039,14.89530142,8.399345781,2.592560223,7.678879802,8.081440022,2.440210973,3.334430807
Serbia,SRB,GDP growth (annual %),4.387757023,9.028196928,5.530347121,5.107790141,6.439525554,5.655576622,-2.731751989,0.731044553,2.036276689,-0.681542369,2.892636734,-1.58951032,1.806059265,3.338586765,2.101163847,4.495121293,4.331734906,-0.944596516,7.38927089
Sub-Saharan Africa (excluding high income),SSA,GDP growth (annual %),4.091920152,6.560157226,6.000995704,6.05442511,6.150961036,5.156130954,3.048119382,5.923070658,4.181461122,2.756055029,5.045087944,4.853947819,2.857033488,1.270370439,2.448446115,2.69295346,2.551301992,-1.986754241,4.128754789
South Sudan,SSD,GDP growth (annual %),1.23893,2.3480985,4.2380931,3.289084,6.43801,3.3489,5.04164188,5.493416395,-4.640316736,-46.08212237,13.12973114,3.373648477,-10.79336463,-0.43982,8.380918,4.329082,-5.348912,2.1238091,5.2348901
Sub-Saharan Africa,SSF,GDP growth (annual %),4.081946825,6.551652851,6.003471505,6.05726499,6.154693641,5.14949119,3.044661138,5.923096142,4.184423347,2.754817349,5.045881629,4.853661159,2.859308487,1.273801385,2.450249306,2.693404647,2.551782508,-1.991922305,4.126819356
Small states,SST,GDP growth (annual %),4.694197648,7.683953257,5.168582447,9.707228992,8.249650653,6.011497271,0.729583132,7.09497462,6.260130046,3.127859528,3.190297793,3.259363348,2.770934917,2.233458722,1.246570778,2.111337784,1.986568598,-5.855938477,3.650478448
Sao Tome and Principe,STP,GDP growth (annual %),6.573476922,3.832223902,7.093773747,9.115642105,3.253605149,8.186174056,2.426282361,6.671983657,4.398202015,3.14197646,4.814792654,6.549934955,3.911337989,4.164768974,3.848980918,2.945268909,2.210855833,3.089725555,1.8
Suriname,SUR,GDP growth (annual %),6.299999433,8.500000185,4.500000211,5.793543585,5.111487778,4.143406812,3.013698983,5.168825152,5.849367672,2.690349747,2.933441652,0.255503032,-3.411096013,-4.915786469,1.567191065,4.948270766,1.098467778,-15.90795119,-3.478664193
Slovak Republic,SVK,GDP growth (annual %),5.499084019,5.278879546,6.623462407,8.49317632,10.83202895,5.574887267,-5.455533722,6.293285967,2.637398428,1.358226806,0.654765294,2.724373817,5.215649803,1.931680804,2.980187073,3.794410553,2.605369328,-4.358753808,3.020471751
Slovenia,SVN,GDP growth (annual %),2.960260286,4.359192778,3.797972642,5.746396901,6.980160755,3.509841517,-7.548437791,1.343748472,0.861327733,-2.639438757,-1.029282772,2.768158831,2.210081607,3.191852518,4.815380632,4.422521568,3.250531336,-4.229261389,8.114558099
Sweden,SWE,GDP growth (annual %),2.30981059,4.336856154,2.85880324,4.662773552,3.439221776,-0.450559257,-4.339790575,5.952107008,3.195333235,-0.588304569,1.187775716,2.657798275,4.489281588,2.070593151,2.567924525,1.950022846,1.986195874,-2.94418192,4.800611582
Eswatini,SWZ,GDP growth (annual %),3.880213586,3.623914226,5.99877655,5.992166838,4.435375577,0.821663914,1.565048852,3.793754968,2.247229761,5.396630697,3.861213798,0.923230547,2.227480675,1.062610193,2.026578156,2.382964423,2.601655874,-1.85052471,7.426132285
Sint Maarten (Dutch part),SXM,GDP growth (annual %),1.28038,3.32849018,5.3109349,6.3401489,8.239418,7.348091,3.348091,3.199994022,4.600002996,1.39054667,1.306727883,1.580384638,0.4,0.500001937,-5.800003254,-6.599997737,-5.27391,2.413984,10.23091
Seychelles,SYC,GDP growth (annual %),-5.887127528,-2.850453659,9.005761428,9.40612788,10.42143611,-2.146892655,-1.105245793,5.954962469,7.887279597,1.260828834,6.018076825,4.504785244,5.637314488,5.353071513,4.511094855,3.198883963,3.087480983,-7.723517801,1.846900376
Syrian Arab Republic,SYR,GDP growth (annual %),7.204435053,6.902959435,6.215077835,5.046195556,5.674591777,4.476672736,5.912042793,5.191905841,2.850002844,-26.33901708,-26.30008766,-10.31033991,-3.187281297,-5.63043805,-0.727486724,1.475766476,5.4901002,3.2830918,2.20918
Turks and Caicos Islands,TCA,GDP growth (annual %),1.340389,1.23489,4.2348091,4.23489,5.34801,6.21348013,2.384092,3.3091848,2.34809,-0.972299355,1.070877013,8.711296582,11.31483413,7.25118055,-2.490218992,5.610956374,5.324551483,-26.78287693,2.1
Chad,TCD,GDP growth (annual %),14.72166701,33.62937185,17.33253374,0.648262014,3.271499579,3.052691532,4.217695552,13.55010086,0.082869798,8.882576072,5.700001363,6.899985045,2.767675685,-6.255527085,-2.988695986,2.3740378,3.247181917,-1.600006737,-1.199990525
East Asia & Pacific (IDA & IBRD countries),TEA,GDP growth (annual %),8.942098133,9.122732411,9.977458758,11.079572,12.48834924,8.619603754,7.984752481,9.922744704,8.651072467,7.575750601,7.296430299,6.984973298,6.689118254,6.586310137,6.705473871,6.52073885,5.780113164,1.293597741,7.267126591
Europe & Central Asia (IDA & IBRD countries),TEC,GDP growth (annual %),6.180127079,7.867085318,6.643584354,7.850736632,7.624196867,4.453200269,-4.670040145,4.744051906,5.758225655,3.434008996,3.589500134,2.259158852,1.453515903,1.962639991,4.211475526,3.508359575,2.721325849,-1.661776483,6.728383397
Togo,TGO,GDP growth (annual %),6.720171423,-0.978665335,-4.666299382,2.6501321,-1.175120391,4.062252827,5.537910973,6.099259163,6.398199053,6.543507029,6.112343077,5.920588573,5.742868453,5.559079305,4.347748238,4.9762131,5.459921448,1.752824967,5.260594925
Thailand,THA,GDP growth (annual %),7.189243303,6.289342143,4.187638429,4.967810892,5.435151691,1.725698849,-0.690618232,7.513390533,0.840132083,7.242796202,2.687495563,0.984468864,3.134047249,3.435157717,4.177681032,4.222870287,2.151656122,-6.19548916,1.566295338
Tajikistan,TJK,GDP growth (annual %),10.99999908,10.29999894,6.699998517,7.000003211,7.800000119,7.899998272,3.900001148,6.499999086,7.4000006,7.499999463,7.399999747,6.70000069,6.019303318,6.899260206,7.099894057,7.599278842,7.400652432,4.400049702,9.200190431
Turkmenistan,TKM,GDP growth (annual %),3.26882856,5.000407438,13.03403487,10.97330833,11.05929947,14.7,6.100000115,9.199999988,14.69999993,11.09999996,10.2000001,10.29999997,6.49999991,6.199999966,6.500000047,6.199999941,6.3,6.238039,7.384091
Latin America & the Caribbean (IDA & IBRD countries),TLA,GDP growth (annual %),2.632383999,5.508962382,4.112062636,5.16603173,5.469599462,3.912346352,-2.025349557,6.734419168,4.633292734,2.620185791,2.947714802,1.43068503,0.495751126,-0.154935619,1.995189131,1.739419124,0.723886005,-6.583224555,6.743780323
Timor-Leste,TLS,GDP growth (annual %),-2.182272285,0.400002624,2.987650538,-4.119405421,10.26241984,11.39054225,10.1443055,9.32942856,5.956047328,4.853364501,3.068264529,4.512039654,2.76107911,3.385306549,-3.071099761,-0.687542477,19.53581024,10.37185524,4.399998458
Middle East & North Africa (IDA & IBRD countries),TMN,GDP growth (annual %),2.195711877,7.693205528,4.479813259,5.194380365,6.132771764,3.698696595,2.59562315,5.266236151,-1.147153378,3.614065062,0.380822808,1.759084932,0.711615278,5.378219076,3.06220272,1.66773335,1.389015021,-3.301112195,4.196322984
Tonga,TON,GDP growth (annual %),2.308045494,-2.410700609,0.081033894,-0.148635323,0.271095291,4.750169656,-5.199109037,0.803490183,6.818276144,0.823102718,0.312307909,2.01870046,1.171888256,6.571000501,3.322432544,0.300009404,0.734030017,0.654698596,2.28039
South Asia (IDA & IBRD),TSA,GDP growth (annual %),7.253383362,7.512037981,7.518348986,7.626488141,7.231862386,3.260219847,6.928884681,7.465781838,5.099070037,5.476622795,6.015779389,6.896913085,7.368698348,7.671463596,6.444783025,6.373259043,3.913844396,-5.23983299,8.322484131
Sub-Saharan Africa (IDA & IBRD countries),TSS,GDP growth (annual %),4.081946825,6.551652851,6.003471505,6.05726499,6.154693641,5.14949119,3.044661138,5.923096142,4.184423347,2.754817349,5.045881629,4.853661159,2.859308487,1.273801385,2.450249306,2.693404647,2.551782508,-1.991922305,4.126819356
Trinidad and Tobago,TTO,GDP growth (annual %),14.44098954,7.950051511,6.20893788,13.20805861,4.754209701,3.391737078,-4.391729247,3.32322471,-0.294354409,1.342687023,2.270222834,-0.855308657,1.783567959,-6.31755344,-2.681210792,-0.706435308,-0.171437013,-7.374285265,-0.985307673
Tunisia,TUN,GDP growth (annual %),4.702399533,6.235790722,3.486545543,5.244099832,6.709520975,4.237781475,3.043450124,2.971132726,-2.046633872,4.216677115,2.429930917,3.090328044,0.967703198,1.117425859,2.237838669,2.624828395,1.322363089,-8.73497573,3.342802469
Turkiye,TUR,GDP growth (annual %),5.763206067,9.795936389,8.992304936,6.947988086,5.043507932,0.815024573,-4.823153953,8.427104323,11.20011058,4.788492711,8.485816997,4.939715161,6.084486904,3.323084208,7.501997489,2.979885235,0.889585161,1.793551396,10.98618099
Tuvalu,TUV,GDP growth (annual %),-4.347826087,-2.272727273,-4.651162791,2.43902439,7.142857143,6.666666667,-6.25,-2.222222222,6.818181818,-2.127659574,4.347826087,0,10.41666667,5.660377358,1.785714286,1.754385965,13.79310345,1.515151515,2.985074627
Tanzania,TZA,GDP growth (annual %),6.672789829,7.50381466,7.476319258,6.53222139,6.768535202,5.68641686,5.269105248,6.336523427,7.672155435,4.50015356,6.781585601,6.732461868,6.160628774,6.867116196,6.785680114,5.444967601,5.799999977,1.996343506,4.279084542
Uganda,UGA,GDP growth (annual %),6.473258671,6.807233344,6.332565116,10.78474439,8.412425965,8.708751901,6.801517348,5.637611638,9.391655493,3.837455606,3.586905826,5.106307324,5.187859862,4.781000291,3.131405518,6.303923781,6.438745034,2.951306422,3.379633422
Ukraine,UKR,GDP growth (annual %),9.516609864,11.79535253,3.071230392,7.571420763,8.215844452,2.243491596,-15.13646791,4.092004367,5.44528081,0.152314967,0.045439094,-10.07889498,-9.772987213,2.440981945,2.359972281,3.48836234,3.199503864,-3.7528041,3.4
Upper middle income,UMC,GDP growth (annual %),5.991455397,8.138140213,7.74631105,8.895950597,9.647478903,6.485588933,2.714095293,8.419120158,6.922080704,5.92143403,5.575726641,4.722885861,4.304537569,4.230111778,5.231114522,4.941993001,4.093769224,-0.597241944,7.39786379
Uruguay,URY,GDP growth (annual %),0.805283915,5.004160334,7.460132138,4.098577364,6.541510842,7.176144668,4.243494175,7.803409666,5.162133029,3.538178707,4.637538641,3.238791217,0.370741265,1.689798164,1.627753973,0.477907184,0.350447153,-6.121476278,4.367009313
United States,USA,GDP growth (annual %),2.796209101,3.852552601,3.48322032,2.782810626,2.010507552,0.122188443,-2.599888351,2.708856694,1.54989495,2.280687603,1.841875395,2.287775933,2.706369582,1.667472076,2.255680481,2.918856897,2.288869868,-3.404589652,5.671107191
Uzbekistan,UZB,GDP growth (annual %),4.232627382,7.449000605,6.950007197,7.451418476,9.473005305,9.029161017,8.050933328,7.597167961,7.525139894,7.102444887,7.29655037,6.873838441,7.218773508,5.9321508,4.395274633,5.354996888,5.709632222,1.886245259,7.420110242
St. Vincent and the Grenadines,VCT,GDP growth (annual %),6.691336926,4.114697043,2.488555485,6.996929864,3.322969349,0.40463955,-1.378194084,-4.47046905,-0.60627645,1.169114289,2.462482218,1.145756924,2.785222668,4.149565316,1.669364782,3.052342927,0.404012378,-5.312647581,0.735107365
"Venezuela, RB",VEN,GDP growth (annual %),-7.75530005,18.28660669,10.3179138,9.872149109,8.753578808,5.277854124,-3.202302657,-1.488791251,4.176425359,5.625956975,1.343094036,-3.894386475,0.3948,9.13981,2.239804,5.23489301,1.49052,4.238091,3.1239
Virgin Islands (U.S.),VIR,GDP growth (annual %),-0.396080884,3.285893679,3.485309017,3.504993147,4.010594022,1.218624955,-6.594788859,0.596383224,-8.204245554,-14.8125,-6.285155295,-1.774530271,-0.425079702,1.600853789,-0.735294118,1.904761905,2.777777778,-2.14700682,2.290381
Vietnam,VNM,GDP growth (annual %),6.899063492,7.536410612,7.547247727,6.977954812,7.129504484,5.661771208,5.397897543,6.423238217,6.41,5.5,5.55,6.42,6.99,6.69,6.94,7.2,7.15,2.94,2.588924502
Vanuatu,VUT,GDP growth (annual %),4.288335117,3.987392802,5.305326473,8.465159865,2.871659844,5.602991462,3.037246028,1.260681797,3.137874086,1.010029914,0.468608459,3.12624625,0.371578452,4.688677823,6.315604199,2.900230273,3.241187655,-5.401921061,0.531652015
World,WLD,GDP growth (annual %),3.150846537,4.493562174,4.043142251,4.476227986,4.477407141,2.066395257,-1.325831914,4.532279195,3.321024221,2.707161921,2.819838043,3.055919871,3.08105935,2.798896114,3.379489864,3.276646336,2.614882119,-3.271218833,5.802056757
Samoa,WSM,GDP growth (annual %),5.212629227,3.08726157,6.639202232,2.132129551,0.485978482,3.556103474,-0.541673768,2.550363619,4.173394085,-4.088722796,-0.416473139,0.05216796,4.296880533,8.126251777,1.042431502,-1.23315967,4.379823498,-2.589889873,-8.07856282
Kosovo,XKX,GDP growth (annual %),5.23918209,4.3219189,6.238901,3.21389042,9.378479,0.37894,5.034883829,4.939924047,6.319886223,1.712195174,5.340908175,3.348804311,5.916270444,5.571756507,4.825690427,3.406631008,4.756830619,-5.340275302,9.127577636
"Yemen, Rep.",YEM,GDP growth (annual %),3.747398185,3.972696401,5.591748076,3.170409359,3.338427956,3.64756947,3.866229516,7.70230704,-12.71482302,2.392885682,4.823414981,-0.188573712,-27.99454625,-9.375123818,-5.071795639,0.752447588,1.40000002,-8.500000016,-2.061513051
South Africa,ZAF,GDP growth (annual %),2.949075468,4.554559907,5.277051973,5.603806459,5.360474054,3.191043886,-1.538089135,3.039732881,3.168556279,2.396232385,2.485468008,1.413826452,1.321862237,0.664552308,1.157946952,1.487617373,0.113053697,-6.431974826,4.914602661
Zambia,ZMB,GDP growth (annual %),6.944973982,7.032395115,7.235599007,7.903694445,8.352436244,7.773895815,9.220348406,10.29822332,5.564602337,7.597593211,5.05723174,4.697992363,2.920375112,3.776679146,3.504336096,4.034493897,1.441306026,-2.785055065,3.572815303
Zimbabwe,ZWE,GDP growth (annual %),-16.99507469,-5.807538055,-5.71108368,-3.461495192,-3.653326859,-17.66894629,12.01955993,19.67532314,14.19391296,16.66542877,1.989492762,2.376929327,1.779872703,0.755869251,4.709492179,4.82421054,-6.144236314,-6.248748224,5.849419762